Fonction;Operation;nbIteration;Marge d'erreur (%);Temps d'entrainement(nanosecondes)
Tanh;AND;10;30,789307;567800
Tanh;AND;11;30,753367;238200
Tanh;AND;12;30,100457;180400
Tanh;AND;13;29,156458;179499
Tanh;AND;14;28,160906;191399
Tanh;AND;15;27,254111;99900
Tanh;AND;16;26,457097;90801
Tanh;AND;17;25,734411;80901
Tanh;AND;18;25,048425;57200
Tanh;AND;19;24,373369;58500
Tanh;AND;20;23,693833;55900
Tanh;AND;21;23,002086;57599
Tanh;AND;22;22,295954;64000
Tanh;AND;23;21,576663;68300
Tanh;AND;24;20,846355;67500
Tanh;AND;25;20,105001;71200
Tanh;AND;26;19,34626;76599
Tanh;AND;27;18,551436;78300
Tanh;AND;28;17,680014;86700
Tanh;AND;29;16,656139;81500
Tanh;AND;30;15,362513;100900
Tanh;AND;31;13,691219;84401
Tanh;AND;32;11,688014;92801
Tanh;AND;33;9,613834;90900
Tanh;AND;34;7,758708;93399
Tanh;AND;35;6,258249;98000
Tanh;AND;36;5,102931;100499
Tanh;AND;37;4,225006;102800
Tanh;AND;38;3,553844;105499
Tanh;AND;39;3,033412;108900
Tanh;AND;40;2,623075;93900
Tanh;AND;41;2,294131;205300
Tanh;AND;42;2,026328;157899
Tanh;AND;43;1,805221;137500
Tanh;AND;44;1,620359;104600
Tanh;AND;45;1,464056;113200
Tanh;AND;46;1,33057;109900
Tanh;AND;47;1,215544;165100
Tanh;AND;48;1,115624;130400
Tanh;AND;49;1,028197;166100
Tanh;AND;50;0,951197;169001
Tanh;AND;51;0,882978;120100
Tanh;AND;52;0,822211;136801
Tanh;AND;53;0,767813;124299
Tanh;AND;54;0,718896;125200
Tanh;AND;55;0,674723;128400
Tanh;AND;56;0,634682;183900
Tanh;AND;57;0,598255;133999
Tanh;AND;58;0,565008;140000
Tanh;AND;59;0,534568;143800
Tanh;AND;60;0,50662;141400
Tanh;AND;61;0,48089;144501
Tanh;AND;62;0,457143;166199
Tanh;AND;63;0,435174;146299
Tanh;AND;64;0,414805;208100
Tanh;AND;65;0,39588;239000
Tanh;AND;66;0,378262;237800
Tanh;AND;67;0,36183;247500
Tanh;AND;68;0,346477;252300
Tanh;AND;69;0,332109;223901
Tanh;AND;70;0,31864;165201
Tanh;AND;71;0,305996;206400
Tanh;AND;72;0,294109;203200
Tanh;AND;73;0,282918;207599
Tanh;AND;74;0,272368;149400
Tanh;AND;75;0,262411;142000
Tanh;AND;76;0,253002;142200
Tanh;AND;77;0,244101;142100
Tanh;AND;78;0,23567;218201
Tanh;AND;79;0,227678;183801
Tanh;AND;80;0,220092;143500
Tanh;AND;81;0,212886;142599
Tanh;AND;82;0,206034;164099
Tanh;AND;83;0,199513;219600
Tanh;AND;84;0,193302;216100
Tanh;AND;85;0,187381;223300
Tanh;AND;86;0,181731;235500
Tanh;AND;87;0,176337;231200
Tanh;AND;88;0,171182;226500
Tanh;AND;89;0,166253;192800
Tanh;AND;90;0,161537;156401
Tanh;AND;91;0,15702;187000
Tanh;AND;92;0,152693;241800
Tanh;AND;93;0,148543;242800
Tanh;AND;94;0,144563;255400
Tanh;AND;95;0,140742;175201
Tanh;AND;96;0,137071;152099
Tanh;AND;97;0,133544;162400
Tanh;AND;98;0,130152;154001
Tanh;AND;99;0,126888;156700
Tanh;AND;100;0,123747;163100
Tanh;AND;101;0,120722;162401
Tanh;AND;102;0,117807;172801
Tanh;AND;103;0,114997;166799
Tanh;AND;104;0,112287;162500
Tanh;AND;105;0,109672;164201
Tanh;AND;106;0,107148;168400
Tanh;AND;107;0,10471;169901
Tanh;AND;108;0,102355;195599
Tanh;AND;109;0,100079;174000
Tanh;AND;110;0,097878;172701
Tanh;AND;111;0,09575;173100
Tanh;AND;112;0,09369;177301
Tanh;AND;113;0,091696;190001
Tanh;AND;114;0,089765;180100
Tanh;AND;115;0,087895;184499
Tanh;AND;116;0,086083;188001
Tanh;AND;117;0,084326;183501
Tanh;AND;118;0,082622;188601
Tanh;AND;119;0,08097;186900
Tanh;AND;120;0,079367;187900
Tanh;AND;121;0,077811;188901
Tanh;AND;122;0,0763;189600
Tanh;AND;123;0,074833;192500
Tanh;AND;124;0,073408;194299
Tanh;AND;125;0,072023;197300
Tanh;AND;126;0,070677;197700
Tanh;AND;127;0,069368;197300
Tanh;AND;128;0,068096;197400
Tanh;AND;129;0,066858;209600
Tanh;AND;130;0,065653;200899
Tanh;AND;131;0,064481;203000
Tanh;AND;132;0,063339;204600
Tanh;AND;133;0,062228;205800
Tanh;AND;134;0,061145;206800
Tanh;AND;135;0,060091;208199
Tanh;AND;136;0,059063;209400
Tanh;AND;137;0,058062;212400
Tanh;AND;138;0,057086;213100
Tanh;AND;139;0,056134;215101
Tanh;AND;140;0,055205;219400
Tanh;AND;141;0,0543;222399
Tanh;AND;142;0,053416;218600
Tanh;AND;143;0,052554;217000
Tanh;AND;144;0,051712;220500
Tanh;AND;145;0,050891;222400
Tanh;AND;146;0,050088;223799
Tanh;AND;147;0,049305;226800
Tanh;AND;148;0,048539;229700
Tanh;AND;149;0,047792;231099
Tanh;AND;150;0,047061;234900
Tanh;AND;151;0,046347;235000
Tanh;AND;152;0,045649;235500
Tanh;AND;153;0,044966;237100
Tanh;AND;154;0,044299;240599
Tanh;AND;155;0,043646;242000
Tanh;AND;156;0,043008;244100
Tanh;AND;157;0,042383;251599
Tanh;AND;158;0,041772;249400
Tanh;AND;159;0,041174;250999
Tanh;AND;160;0,040588;251700
Tanh;AND;161;0,040015;251700
Tanh;AND;162;0,039454;255901
Tanh;AND;163;0,038904;255200
Tanh;AND;164;0,038366;266100
Tanh;AND;165;0,037839;259800
Tanh;AND;166;0,037323;260100
Tanh;AND;167;0,036817;262000
Tanh;AND;168;0,036321;263699
Tanh;AND;169;0,035835;265200
Tanh;AND;170;0,035359;266999
Tanh;AND;171;0,034892;288200
Tanh;AND;172;0,034434;355201
Tanh;AND;173;0,033985;343200
Tanh;AND;174;0,033545;228700
Tanh;AND;175;0,033113;226101
Tanh;AND;176;0,032689;226999
Tanh;AND;177;0,032274;239400
Tanh;AND;178;0,031866;223500
Tanh;AND;179;0,031466;225200
Tanh;AND;180;0,031073;253901
Tanh;AND;181;0,030688;223801
Tanh;AND;182;0,030309;201100
Tanh;AND;183;0,029938;204301
Tanh;AND;184;0,029573;203899
Tanh;AND;185;0,029215;203000
Tanh;AND;186;0,028863;205399
Tanh;AND;187;0,028518;205500
Tanh;AND;188;0,028178;205799
Tanh;AND;189;0,027845;208300
Tanh;AND;190;0,027517;220500
Tanh;AND;191;0,027196;209600
Tanh;AND;192;0,026879;210601
Tanh;AND;193;0,026568;212399
Tanh;AND;194;0,026263;213200
Tanh;AND;195;0,025963;215400
Tanh;AND;196;0,025667;215700
Tanh;AND;197;0,025377;219400
Tanh;AND;198;0,025092;217500
Tanh;AND;199;0,024811;215299
Tanh;AND;200;0,024535;215399
Tanh;AND;201;0,024264;216700
Tanh;AND;202;0,023996;218200
Tanh;AND;203;0,023734;233999
Tanh;AND;204;0,023475;225899
Tanh;AND;205;0,023221;227500
Tanh;AND;206;0,022971;227500
Tanh;AND;207;0,022725;225099
Tanh;AND;208;0,022482;224000
Tanh;AND;209;0,022244;225300
Tanh;AND;210;0,022009;226500
Tanh;AND;211;0,021778;227900
Tanh;AND;212;0,02155;228701
Tanh;AND;213;0,021326;229300
Tanh;AND;214;0,021106;230400
Tanh;AND;215;0,020889;233200
Tanh;AND;216;0,020675;240101
Tanh;AND;217;0,020464;239600
Tanh;AND;218;0,020257;243300
Tanh;AND;219;0,020052;243100
Tanh;AND;220;0,019851;242599
Tanh;AND;221;0,019653;359800
Tanh;AND;222;0,019457;392800
Tanh;AND;223;0,019265;361300
Tanh;AND;224;0,019075;360900
Tanh;AND;225;0,018888;368699
Tanh;AND;226;0,018704;317401
Tanh;AND;227;0,018523;288800
Tanh;AND;228;0,018344;251700
Tanh;AND;229;0,018167;252200
Tanh;AND;230;0,017993;284499
Tanh;AND;231;0,017822;346200
Tanh;AND;232;0,017653;256100
Tanh;AND;233;0,017486;258301
Tanh;AND;234;0,017322;264500
Tanh;AND;235;0,01716;259700
Tanh;AND;236;0,017;266600
Tanh;AND;237;0,016842;259301
Tanh;AND;238;0,016687;258799
Tanh;AND;239;0,016534;256600
Tanh;AND;240;0,016382;265200
Tanh;AND;241;0,016233;262600
Tanh;AND;242;0,016086;267601
Tanh;AND;243;0,015941;275700
Tanh;AND;244;0,015798;269900
Tanh;AND;245;0,015656;271000
Tanh;AND;246;0,015517;271900
Tanh;AND;247;0,015379;279500
Tanh;AND;248;0,015243;273300
Tanh;AND;249;0,015109;275600
Tanh;AND;250;0,014977;282601
Tanh;AND;251;0,014846;278100
Tanh;AND;252;0,014717;278799
Tanh;AND;253;0,01459;286200
Tanh;AND;254;0,014464;281001
Tanh;AND;255;0,01434;281500
Tanh;AND;256;0,014218;282801
Tanh;AND;257;0,014097;289500
Tanh;AND;258;0,013977;284400
Tanh;AND;259;0,013859;286000
Tanh;AND;260;0,013743;292800
Tanh;AND;261;0,013628;288700
Tanh;AND;262;0,013514;289400
Tanh;AND;263;0,013402;295601
Tanh;AND;264;0,013291;292099
Tanh;AND;265;0,013182;294800
Tanh;AND;266;0,013074;299000
Tanh;AND;267;0,012967;299100
Tanh;AND;268;0,012862;298701
Tanh;AND;269;0,012757;299100
Tanh;AND;270;0,012654;352600
Tanh;AND;271;0,012553;300600
Tanh;AND;272;0,012452;300400
Tanh;AND;273;0,012353;307900
Tanh;AND;274;0,012254;303100
Tanh;AND;275;0,012157;305100
Tanh;AND;276;0,012061;308901
Tanh;AND;277;0,011967;306401
Tanh;AND;278;0,011873;310700
Tanh;AND;279;0,01178;316100
Tanh;AND;280;0,011689;318900
Tanh;AND;281;0,011598;311500
Tanh;AND;282;0,011509;378299
Tanh;AND;283;0,01142;458700
Tanh;AND;284;0,011333;316300
Tanh;AND;285;0,011247;317900
Tanh;AND;286;0,011161;321000
Tanh;AND;287;0,011077;323201
Tanh;AND;288;0,010993;325000
Tanh;AND;289;0,01091;329700
Tanh;AND;290;0,010829;324600
Tanh;AND;291;0,010748;322899
Tanh;AND;292;0,010668;327300
Tanh;AND;293;0,010589;324400
Tanh;AND;294;0,010511;324400
Tanh;AND;295;0,010434;331100
Tanh;AND;296;0,010357;327200
Tanh;AND;297;0,010281;327900
Tanh;AND;298;0,010207;333899
Tanh;AND;299;0,010133;329900
Tanh;AND;300;0,010059;331501
Tanh;AND;301;0,009987;347101
Tanh;AND;302;0,009915;333900
Tanh;AND;303;0,009844;335201
Tanh;AND;304;0,009774;346000
Tanh;AND;305;0,009705;336500
Tanh;AND;306;0,009636;342600
Tanh;AND;307;0,009568;338400
Tanh;AND;308;0,009501;341600
Tanh;AND;309;0,009434;348900
Tanh;AND;310;0,009368;344400
Tanh;AND;311;0,009303;343601
Tanh;AND;312;0,009239;383401
Tanh;AND;313;0,009175;346201
Tanh;AND;314;0,009112;351700
Tanh;AND;315;0,009049;358099
Tanh;AND;316;0,008987;353300
Tanh;AND;317;0,008926;351601
Tanh;AND;318;0,008865;357299
Tanh;AND;319;0,008805;365000
Tanh;AND;320;0,008745;360200
Tanh;AND;321;0,008687;362000
Tanh;AND;322;0,008628;365200
Tanh;AND;323;0,008571;367400
Tanh;AND;324;0,008513;371899
Tanh;AND;325;0,008457;362099
Tanh;AND;326;0,008401;455100
Tanh;AND;327;0,008345;364401
Tanh;AND;328;0,00829;372299
Tanh;AND;329;0,008236;372899
Tanh;AND;330;0,008182;369701
Tanh;AND;331;0,008129;373100
Tanh;AND;332;0,008076;374200
Tanh;AND;333;0,008024;373400
Tanh;AND;334;0,007972;371500
Tanh;AND;335;0,00792;375300
Tanh;AND;336;0,00787;378199
Tanh;AND;337;0,007819;382700
Tanh;AND;338;0,007769;411500
Tanh;AND;339;0,00772;374399
Tanh;AND;340;0,007671;371400
Tanh;AND;341;0,007622;384200
Tanh;AND;342;0,007574;373400
Tanh;AND;343;0,007527;370001
Tanh;AND;344;0,00748;371300
Tanh;AND;345;0,007433;376301
Tanh;AND;346;0,007387;373100
Tanh;AND;347;0,007341;372999
Tanh;AND;348;0,007295;381101
Tanh;AND;349;0,00725;378001
Tanh;AND;350;0,007206;460500
Tanh;AND;351;0,007162;455399
Tanh;AND;352;0,007118;405300
Tanh;AND;353;0,007074;394200
Tanh;AND;354;0,007031;394900
Tanh;AND;355;0,006989;400200
Tanh;AND;356;0,006946;392800
Tanh;AND;357;0,006905;401700
Tanh;AND;358;0,006863;398300
Tanh;AND;359;0,006822;398700
Tanh;AND;360;0,006781;406401
Tanh;AND;361;0,006741;401300
Tanh;AND;362;0,006701;411000
Tanh;AND;363;0,006661;409699
Tanh;AND;364;0,006622;476400
Tanh;AND;365;0,006583;508100
Tanh;AND;366;0,006544;421799
Tanh;AND;367;0,006506;413799
Tanh;AND;368;0,006468;415799
Tanh;AND;369;0,00643;402500
Tanh;AND;370;0,006393;401300
Tanh;AND;371;0,006356;407099
Tanh;AND;372;0,006319;403100
Tanh;AND;373;0,006283;408800
Tanh;AND;374;0,006246;480401
Tanh;AND;375;0,006211;538001
Tanh;AND;376;0,006175;416000
Tanh;AND;377;0,00614;485999
Tanh;AND;378;0,006105;602601
Tanh;AND;379;0,006071;477900
Tanh;AND;380;0,006036;419800
Tanh;AND;381;0,006002;430500
Tanh;AND;382;0,005969;425299
Tanh;AND;383;0,005935;425800
Tanh;AND;384;0,005902;433600
Tanh;AND;385;0,005869;423800
Tanh;AND;386;0,005836;433899
Tanh;AND;387;0,005804;429699
Tanh;AND;388;0,005772;431900
Tanh;AND;389;0,00574;432001
Tanh;AND;390;0,005709;492699
Tanh;AND;391;0,005677;458601
Tanh;AND;392;0,005646;431799
Tanh;AND;393;0,005615;437399
Tanh;AND;394;0,005585;439501
Tanh;AND;395;0,005555;427100
Tanh;AND;396;0,005524;427501
Tanh;AND;397;0,005495;433700
Tanh;AND;398;0,005465;471800
Tanh;AND;399;0,005436;444900
Tanh;AND;400;0,005407;457800
Tanh;AND;401;0,005378;580500
Tanh;AND;402;0,005349;519300
Tanh;AND;403;0,005321;546800
Tanh;AND;404;0,005292;463400
Tanh;AND;405;0,005264;449499
Tanh;AND;406;0,005237;441600
Tanh;AND;407;0,005209;455300
Tanh;AND;408;0,005182;460899
Tanh;AND;409;0,005155;458900
Tanh;AND;410;0,005128;461700
Tanh;AND;411;0,005101;464601
Tanh;AND;412;0,005074;471899
Tanh;AND;413;0,005048;462000
Tanh;AND;414;0,005022;485000
Tanh;AND;415;0,004996;583101
Tanh;AND;416;0,00497;607300
Tanh;AND;417;0,004945;571300
Tanh;AND;418;0,00492;528300
Tanh;AND;419;0,004894;466001
Tanh;AND;420;0,00487;459600
Tanh;AND;421;0,004845;461800
Tanh;AND;422;0,00482;461600
Tanh;AND;423;0,004796;460800
Tanh;AND;424;0,004772;458299
Tanh;AND;425;0,004748;460300
Tanh;AND;426;0,004724;465300
Tanh;AND;427;0,0047;467601
Tanh;AND;428;0,004677;471499
Tanh;AND;429;0,004653;467899
Tanh;AND;430;0,00463;496000
Tanh;AND;431;0,004607;468500
Tanh;AND;432;0,004585;474099
Tanh;AND;433;0,004562;477200
Tanh;AND;434;0,004539;473900
Tanh;AND;435;0,004517;475000
Tanh;AND;436;0,004495;488100
Tanh;AND;437;0,004473;478700
Tanh;AND;438;0,004451;488600
Tanh;AND;439;0,00443;478799
Tanh;AND;440;0,004408;504900
Tanh;AND;441;0,004387;558600
Tanh;AND;442;0,004365;504400
Tanh;AND;443;0,004344;487699
Tanh;AND;444;0,004324;509599
Tanh;AND;445;0,004303;488899
Tanh;AND;446;0,004282;498300
Tanh;AND;447;0,004262;496999
Tanh;AND;448;0,004241;489799
Tanh;AND;449;0,004221;489000
Tanh;AND;450;0,004201;488201
Tanh;AND;451;0,004181;493401
Tanh;AND;452;0,004162;491400
Tanh;AND;453;0,004142;493699
Tanh;AND;454;0,004122;504800
Tanh;AND;455;0,004103;497600
Tanh;AND;456;0,004084;497300
Tanh;AND;457;0,004065;500101
Tanh;AND;458;0,004046;497500
Tanh;AND;459;0,004027;501200
Tanh;AND;460;0,00401;497300
Tanh;AND;461;0,004036;564300
Tanh;AND;462;0,008268;504099
Tanh;AND;463;0,315226;509400
Tanh;AND;464;0,221985;502100
Tanh;AND;465;0,026301;507400
Tanh;AND;466;0,004808;507100
Tanh;AND;467;0,004066;506600
Tanh;AND;468;0,003836;515401
Tanh;AND;469;0,003842;520700
Tanh;AND;470;0,003811;512400
Tanh;AND;471;0,003797;511900
Tanh;AND;472;0,003757;513200
Tanh;AND;473;0,003727;514700
Tanh;AND;474;0,003691;518700
Tanh;AND;475;0,00421;526301
Tanh;AND;476;0,011857;528500
Tanh;AND;477;0,081058;613300
Tanh;AND;478;0,617919;684699
Tanh;AND;479;0,210197;522499
Tanh;AND;480;0,029744;536800
Tanh;AND;481;0,00997;531600
Tanh;AND;482;0,0037;514100
Tanh;AND;483;0,003626;512700
Tanh;AND;484;0,004647;527600
Tanh;AND;485;0,004648;527900
Tanh;AND;486;0,007047;529499
Tanh;AND;487;0,016948;530100
Tanh;AND;488;0,131285;528400
Tanh;AND;489;0,592485;531500
Tanh;AND;490;0,225772;742500
Tanh;AND;491;0,037584;548000
Tanh;AND;492;0,02134;535300
Tanh;AND;493;0,012085;525201
Tanh;AND;494;0,014864;527300
Tanh;AND;495;0,013252;534800
Tanh;AND;496;0,053004;536000
Tanh;AND;497;0,184748;555000
Tanh;AND;498;0,568934;540101
Tanh;AND;499;0,453155;544300
Tanh;AND;500;0,147312;527501
Tanh;AND;501;0,032132;527101
Tanh;AND;502;0,034697;567100
Tanh;AND;503;0,021173;540799
Tanh;AND;504;0,070083;530800
Tanh;AND;505;0,119271;536300
Tanh;AND;506;0,557765;547801
Tanh;AND;507;0,245067;542001
Tanh;AND;508;0,096067;540601
Tanh;AND;509;0,081711;541500
Tanh;AND;510;0,035225;542300
Tanh;AND;511;0,041613;540800
Tanh;AND;512;0,150865;541200
Tanh;AND;513;0,192061;543599
Tanh;AND;514;0,462973;545000
Tanh;AND;515;0,208352;544799
Tanh;AND;516;0,145562;544299
Tanh;AND;517;0,053667;547600
Tanh;AND;518;0,115235;552400
Tanh;AND;519;0,167298;739800
Tanh;AND;520;0,28048;568599
Tanh;AND;521;0,469417;563100
Tanh;AND;522;0,335457;571699
Tanh;AND;523;0,117681;566600
Tanh;AND;524;0,13969;568500
Tanh;AND;525;0,122532;552399
Tanh;AND;526;0,104618;553899
Tanh;AND;527;0,174768;555799
Tanh;AND;528;0,26812;557300
Tanh;AND;529;0,215416;566500
Tanh;AND;530;0,159991;566300
Tanh;AND;531;0,077454;575600
Tanh;AND;532;0,155476;575499
Tanh;AND;533;0,220921;576799
Tanh;AND;534;0,188621;579699
Tanh;AND;535;0,238364;580400
Tanh;AND;536;0,130623;578100
Tanh;AND;537;0,189896;581000
Tanh;AND;538;0,124084;582201
Tanh;AND;539;0,217004;583300
Tanh;AND;540;0,148382;591301
Tanh;AND;541;0,183435;593499
Tanh;AND;542;0,187923;593200
Tanh;AND;543;0,12128;596101
Tanh;AND;544;0,090856;588100
Tanh;AND;545;0,137893;738600
Tanh;AND;546;0,124988;749700
Tanh;AND;547;0,164645;641701
Tanh;AND;548;0,361327;597100
Tanh;AND;549;0,253699;602500
Tanh;AND;550;0,228959;584500
Tanh;AND;551;0,100577;588200
Tanh;AND;552;0,11397;595100
Tanh;AND;553;0,226237;608200
Tanh;AND;554;0,162738;601001
Tanh;AND;555;0,147692;599200
Tanh;AND;556;0,191542;599399
Tanh;AND;557;0,105971;600101
Tanh;AND;558;0,109474;586900
Tanh;AND;559;0,274477;594900
Tanh;AND;560;0,287752;589300
Tanh;AND;561;0,32475;593800
Tanh;AND;562;0,13205;601100
Tanh;AND;563;0,112323;606899
Tanh;AND;564;0,157085;597600
Tanh;AND;565;0,115138;596201
Tanh;AND;566;0,134592;609300
Tanh;AND;567;0,193069;610600
Tanh;AND;568;0,138319;606300
Tanh;AND;569;0,118516;672999
Tanh;AND;570;0,233651;630200
Tanh;AND;571;0,175756;630800
Tanh;AND;572;0,268711;623500
Tanh;AND;573;0,144712;622799
Tanh;AND;574;0,147417;634000
Tanh;AND;575;0,126644;632801
Tanh;AND;576;0,188136;637001
Tanh;AND;577;0,195461;614501
Tanh;AND;578;0,123856;615001
Tanh;AND;579;0,207589;667100
Tanh;AND;580;0,162836;630801
Tanh;AND;581;0,19763;635200
Tanh;AND;582;0,117692;631500
Tanh;AND;583;0,148822;625100
Tanh;AND;584;0,190637;614900
Tanh;AND;585;0,262262;619899
Tanh;AND;586;0,130788;626001
Tanh;AND;587;0,281048;634400
Tanh;AND;588;0,253398;637300
Tanh;AND;589;0,156549;638800
Tanh;AND;590;0,247566;636100
Tanh;AND;591;0,266346;637899
Tanh;AND;592;0,133809;640601
Tanh;AND;593;0,200547;643500
Tanh;AND;594;0,121954;674600
Tanh;AND;595;0,240368;660900
Tanh;AND;596;0,19487;647100
Tanh;AND;597;0,256247;647199
Tanh;AND;598;0,127331;2361600
Tanh;AND;599;0,130436;641801
Tanh;AND;600;0,256635;645899
Tanh;AND;601;0,118095;622700
Tanh;AND;602;0,119502;620600
Tanh;AND;603;0,244078;620400
Tanh;AND;604;0,238742;629300
Tanh;AND;605;0,274131;625300
Tanh;AND;606;0,12462;639300
Tanh;AND;607;0,115269;649599
Tanh;AND;608;0,116559;647201
Tanh;AND;609;0,206516;663701
Tanh;AND;610;0,231342;661301
Tanh;AND;611;0,12557;659601
Tanh;AND;612;0,238296;665500
Tanh;AND;613;0,213506;667000
Tanh;AND;614;0,116973;661500
Tanh;AND;615;0,111541;882700
Tanh;AND;616;0,117938;951300
Tanh;AND;617;0,262455;658799
Tanh;AND;618;0,236077;662200
Tanh;AND;619;0,248379;672999
Tanh;AND;620;0,119365;711600
Tanh;AND;621;0,114792;678100
Tanh;AND;622;0,23958;672299
Tanh;AND;623;0,120226;685100
Tanh;AND;624;0,120728;680500
Tanh;AND;625;0,253748;682099
Tanh;AND;626;0,195861;674999
Tanh;AND;627;0,236068;673001
Tanh;AND;628;0,113659;669500
Tanh;AND;629;0,177221;675301
Tanh;AND;630;0,120912;693901
Tanh;AND;631;0,253324;684700
Tanh;AND;632;0,246902;691100
Tanh;AND;633;0,153236;676800
Tanh;AND;634;0,239096;677801
Tanh;AND;635;0,247667;684501
Tanh;AND;636;0,113939;684700
Tanh;AND;637;0,23451;726901
Tanh;AND;638;0,180669;943300
Tanh;AND;639;0,155197;957300
Tanh;AND;640;0,113372;983500
Tanh;AND;641;0,183016;735300
Tanh;AND;642;0,121611;670400
Tanh;AND;643;0,165185;671001
Tanh;AND;644;0,116365;677800
Tanh;AND;645;0,185109;679000
Tanh;AND;646;0,172876;673700
Tanh;AND;647;0,113016;668301
Tanh;AND;648;0,110907;669300
Tanh;AND;649;0,115463;667900
Tanh;AND;650;0,241442;668600
Tanh;AND;651;0,191848;685300
Tanh;AND;652;0,23957;680800
Tanh;AND;653;0,11185;676899
Tanh;AND;654;0,114049;694700
Tanh;AND;655;0,179593;697900
Tanh;AND;656;0,113615;699101
Tanh;AND;657;0,11246;709801
Tanh;AND;658;0,19427;718700
Tanh;AND;659;0,110629;803500
Tanh;AND;660;0,110693;818400
Tanh;AND;661;0,224879;710900
Tanh;AND;662;0,235277;721101
Tanh;AND;663;0,219729;689400
Tanh;AND;664;0,130948;685501
Tanh;AND;665;0,110961;700800
Tanh;AND;666;0,220849;687401
Tanh;AND;667;0,110452;684999
Tanh;AND;668;0,11115;687500
Tanh;AND;669;0,226622;704300
Tanh;AND;670;0,109724;706501
Tanh;AND;671;0,154851;704000
Tanh;AND;672;0,194679;689299
Tanh;AND;673;0,233784;691500
Tanh;AND;674;0,193176;711301
Tanh;AND;675;0,162078;694300
Tanh;AND;676;0,107084;695600
Tanh;AND;677;0,226217;701700
Tanh;AND;678;0,108785;713600
Tanh;AND;679;0,109714;726801
Tanh;AND;680;0,225918;751599
Tanh;AND;681;0,108129;835900
Tanh;AND;682;0,157308;969000
Tanh;AND;683;0,191426;948601
Tanh;AND;684;0,230715;703599
Tanh;AND;685;0,193501;721800
Tanh;AND;686;0,14845;710900
Tanh;AND;687;0,107716;709400
Tanh;AND;688;0,216389;734900
Tanh;AND;689;0,105852;707600
Tanh;AND;690;0,105569;708800
Tanh;AND;691;0,209282;710600
Tanh;AND;692;0,107725;711400
Tanh;AND;693;0,117588;712900
Tanh;AND;694;0,2123;717500
Tanh;AND;695;0,22165;714300
Tanh;AND;696;0,216941;714399
Tanh;AND;697;0,105222;718100
Tanh;AND;698;0,105601;720900
Tanh;AND;699;0,178637;717900
Tanh;AND;700;0,105861;736700
Tanh;AND;701;0,10421;724000
Tanh;AND;702;0,157525;775600
Tanh;AND;703;0,105655;758501
Tanh;AND;704;0,105099;734501
Tanh;AND;705;0,223419;734901
Tanh;AND;706;0,171497;737300
Tanh;AND;707;0,220849;735600
Tanh;AND;708;0,105559;751800
Tanh;AND;709;0,100001;755699
Tanh;AND;710;0,104361;755800
Tanh;AND;711;0,167544;759099
Tanh;AND;712;0,176325;764801
Tanh;AND;713;0,104272;770800
Tanh;AND;714;0,15149;768099
Tanh;AND;715;0,112367;752099
Tanh;AND;716;0,16266;750001
Tanh;AND;717;0,104347;762701
Tanh;AND;718;0,140194;762700
Tanh;AND;719;0,16163;761800
Tanh;AND;720;0,202526;761600
Tanh;AND;721;0,099459;772299
Tanh;AND;722;0,218014;766300
Tanh;AND;723;0,218359;812400
Tanh;AND;724;0,131969;767201
Tanh;AND;725;0,219798;796301
Tanh;AND;726;0,213506;782301
Tanh;AND;727;0,102113;772699
Tanh;AND;728;0,141273;772701
Tanh;AND;729;0,102423;769300
Tanh;AND;730;0,213463;778201
Tanh;AND;731;0,18453;761700
Tanh;AND;732;0,212902;756800
Tanh;AND;733;0,111688;757099
Tanh;AND;734;0,100611;753399
Tanh;AND;735;0,215876;772300
Tanh;AND;736;0,108565;781600
Tanh;AND;737;0,140004;780600
Tanh;AND;738;0,193881;776799
Tanh;AND;739;0,208421;780001
Tanh;AND;740;0,207218;783600
Tanh;AND;741;0,101354;1022201
Tanh;AND;742;0,100854;897800
Tanh;AND;743;0,123866;781999
Tanh;AND;744;0,127747;763500
Tanh;AND;745;0,14634;790700
Tanh;AND;746;0,100615;787400
Tanh;AND;747;0,138422;787700
Tanh;AND;748;0,110491;784700
Tanh;AND;749;0,146625;789100
Tanh;AND;750;0,098115;792301
Tanh;AND;751;0,104609;794000
Tanh;AND;752;0,18185;799500
Tanh;AND;753;0,208649;796801
Tanh;AND;754;0,141072;780400
Tanh;AND;755;0,190708;807300
Tanh;AND;756;0,177188;782400
Tanh;AND;757;0,190616;800499
Tanh;AND;758;0,178101;800599
Tanh;AND;759;0,191916;806100
Tanh;AND;760;0,133064;1023700
Tanh;AND;761;0,20516;803500
Tanh;AND;762;0,171962;786699
Tanh;AND;763;0,118287;782900
Tanh;AND;764;0,097644;790400
Tanh;AND;765;0,160146;790300
Tanh;AND;766;0,093919;805100
Tanh;AND;767;0,110634;798300
Tanh;AND;768;0,096747;793500
Tanh;AND;769;0,113398;798300
Tanh;AND;770;0,092351;816601
Tanh;AND;771;0,151628;793399
Tanh;AND;772;0,095981;793600
Tanh;AND;773;0,101496;795201
Tanh;AND;774;0,180709;800699
Tanh;AND;775;0,204284;801900
Tanh;AND;776;0,151674;815599
Tanh;AND;777;0,172807;818201
Tanh;AND;778;0,152651;837699
Tanh;AND;779;0,199173;833101
Tanh;AND;780;0,145603;816600
Tanh;AND;781;0,160759;822499
Tanh;AND;782;0,169257;828800
Tanh;AND;783;0,200302;825701
Tanh;AND;784;0,196134;826299
Tanh;AND;785;0,095976;826801
Tanh;AND;786;0,094879;828000
Tanh;AND;787;0,093817;829400
Tanh;AND;788;0,156616;829600
Tanh;AND;789;0,177507;831700
Tanh;AND;790;0,095493;834700
Tanh;AND;791;0,184383;837700
Tanh;AND;792;0,173739;840700
Tanh;AND;793;0,094594;842101
Tanh;AND;794;0,107363;840600
Tanh;AND;795;0,094723;841600
Tanh;AND;796;0,194567;884400
Tanh;AND;797;0,153033;846200
Tanh;AND;798;0,20054;877800
Tanh;AND;799;0,094297;846600
Tanh;AND;800;0,093731;847100
Tanh;AND;801;0,162177;842600
Tanh;AND;802;0,094151;846000
Tanh;AND;803;0,093637;848700
Tanh;AND;804;0,186327;861000
Tanh;AND;805;0,0924;890100
Tanh;AND;806;0,143322;875601
Tanh;AND;807;0,145451;857400
Tanh;AND;808;0,190294;850599
Tanh;AND;809;0,121885;856600
Tanh;AND;810;0,177755;851200
Tanh;AND;811;0,156757;865800
Tanh;AND;812;0,189618;856000
Tanh;AND;813;0,138697;856600
Tanh;AND;814;0,148451;865499
Tanh;AND;815;0,17141;859300
Tanh;AND;816;0,187285;1042000
Tanh;AND;817;0,195798;1241700
Tanh;AND;818;0,091895;1020600
Tanh;AND;819;0,094922;841500
Tanh;AND;820;0,091147;847901
Tanh;AND;821;0,184365;848100
Tanh;AND;822;0,193884;845799
Tanh;AND;823;0,099859;856200
Tanh;AND;824;0,194438;868300
Tanh;AND;825;0,194402;867700
Tanh;AND;826;0,088795;874501
Tanh;AND;827;0,177485;869500
Tanh;AND;828;0,140626;887600
Tanh;AND;829;0,119738;875399
Tanh;AND;830;0,09065;882401
Tanh;AND;831;0,13528;876000
Tanh;AND;832;0,108374;879000
Tanh;AND;833;0,142026;948599
Tanh;AND;834;0,089023;896100
Tanh;AND;835;0,162917;877099
Tanh;AND;836;0,158635;864300
Tanh;AND;837;0,090375;1018500
Tanh;AND;838;0,107237;864899
Tanh;AND;839;0,089014;888800
Tanh;AND;840;0,178373;893099
Tanh;AND;841;0,118951;886800
Tanh;AND;842;0,181948;887200
Tanh;AND;843;0,089444;890199
Tanh;AND;844;0,08721;893201
Tanh;AND;845;0,099188;890100
Tanh;AND;846;0,100896;891300
Tanh;AND;847;0,095128;896901
Tanh;AND;848;0,115203;873600
Tanh;AND;849;0,088808;901100
Tanh;AND;850;0,088348;911800
Tanh;AND;851;0,187316;902000
Tanh;AND;852;0,164769;912699
Tanh;AND;853;0,187656;901500
Tanh;AND;854;0,088421;979200
Tanh;AND;855;0,088075;929200
Tanh;AND;856;0,145377;1014899
Tanh;AND;857;0,087944;901900
Tanh;AND;858;0,087773;902599
Tanh;AND;859;0,153083;1015200
Tanh;AND;860;0,0872;891000
Tanh;AND;861;0,08686;891300
Tanh;AND;862;0,176517;890500
Tanh;AND;863;0,179663;946801
Tanh;AND;864;0,175245;909700
Tanh;AND;865;0,090331;911901
Tanh;AND;866;0,087635;899801
Tanh;AND;867;0,165676;921100
Tanh;AND;868;0,087108;907199
Tanh;AND;869;0,08691;947600
Tanh;AND;870;0,168225;918199
Tanh;AND;871;0,087142;929401
Tanh;AND;872;0,103498;1021800
Tanh;AND;873;0,165222;924500
Tanh;AND;874;0,181896;928900
Tanh;AND;875;0,162652;928001
Tanh;AND;876;0,107457;929000
Tanh;AND;877;0,08591;928901
Tanh;AND;878;0,171036;901700
Tanh;AND;879;0,08466;918399
Tanh;AND;880;0,084975;908799
Tanh;AND;881;0,170052;1088701
Tanh;AND;882;0,085816;929399
Tanh;AND;883;0,108315;933701
Tanh;AND;884;0,160387;992600
Tanh;AND;885;0,181472;954000
Tanh;AND;886;0,159598;931700
Tanh;AND;887;0,106162;936000
Tanh;AND;888;0,084968;935301
Tanh;AND;889;0,16716;926500
Tanh;AND;890;0,083951;933300
Tanh;AND;891;0,083967;933699
Tanh;AND;892;0,165022;921600
Tanh;AND;893;0,084749;922201
Tanh;AND;894;0,097225;944500
Tanh;AND;895;0,163574;919901
Tanh;AND;896;0,177475;918401
Tanh;AND;897;0,166069;921800
Tanh;AND;898;0,089045;923800
Tanh;AND;899;0,084604;924500
Tanh;AND;900;0,155815;941200
Tanh;AND;901;0,084476;1234700
Tanh;AND;902;0,084046;990400
Tanh;AND;903;0,151051;959599
Tanh;AND;904;0,08336;953999
Tanh;AND;905;0,083325;937299
Tanh;AND;906;0,171932;933000
Tanh;AND;907;0,165792;939000
Tanh;AND;908;0,174481;935100
Tanh;AND;909;0,083692;1005800
Tanh;AND;910;0,083147;972100
Tanh;AND;911;0,13094;966699
Tanh;AND;912;0,081562;964800
Tanh;AND;913;0,080981;970400
Tanh;AND;914;0,120702;967300
Tanh;AND;915;0,083271;967799
Tanh;AND;916;0,08248;975600
Tanh;AND;917;0,175922;1025200
Tanh;AND;918;0,139941;989099
Tanh;AND;919;0,173559;972000
Tanh;AND;920;0,082296;982400
Tanh;AND;921;0,080987;1003100
Tanh;AND;922;0,084968;998700
Tanh;AND;923;0,10821;998500
Tanh;AND;924;0,112784;997600
Tanh;AND;925;0,081603;1028301
Tanh;AND;926;0,08175;994600
Tanh;AND;927;0,081411;980100
Tanh;AND;928;0,158722;980300
Tanh;AND;929;0,088895;984399
Tanh;AND;930;0,151824;993800
Tanh;AND;931;0,078629;1013900
Tanh;AND;932;0,114625;1020399
Tanh;AND;933;0,080652;1041601
Tanh;AND;934;0,152856;1005600
Tanh;AND;935;0,155929;991200
Tanh;AND;936;0,081314;1002800
Tanh;AND;937;0,138657;1015999
Tanh;AND;938;0,110749;1020601
Tanh;AND;939;0,108733;1031801
Tanh;AND;940;0,079599;1006700
Tanh;AND;941;0,095083;1008500
Tanh;AND;942;0,132559;993899
Tanh;AND;943;0,161195;996700
Tanh;AND;944;0,077339;1005999
Tanh;AND;945;0,171115;1002700
Tanh;AND;946;0,169271;1012700
Tanh;AND;947;0,091729;1004400
Tanh;AND;948;0,168762;1036501
Tanh;AND;949;0,16143;1008200
Tanh;AND;950;0,079805;1015599
Tanh;AND;951;0,08029;1007600
Tanh;AND;952;0,079068;1011300
Tanh;AND;953;0,168853;1010900
Tanh;AND;954;0,165155;1018799
Tanh;AND;955;0,14204;1030001
Tanh;AND;956;0,136576;1034700
Tanh;AND;957;0,13041;1030801
Tanh;AND;958;0,155013;1037000
Tanh;AND;959;0,146329;1031600
Tanh;AND;960;0,161368;1025000
Tanh;AND;961;0,080657;1032900
Tanh;AND;962;0,152262;1024201
Tanh;AND;963;0,097571;1032699
Tanh;AND;964;0,143948;1053000
Tanh;AND;965;0,105941;1034101
Tanh;AND;966;0,16589;1033400
Tanh;AND;967;0,079132;1039799
Tanh;AND;968;0,078693;1032000
Tanh;AND;969;0,160238;1045200
Tanh;AND;970;0,078121;1046100
Tanh;AND;971;0,0915;1054900
Tanh;AND;972;0,154593;1054300
Tanh;AND;973;0,159629;1054299
Tanh;AND;974;0,161972;1053299
Tanh;AND;975;0,07844;1052100
Tanh;AND;976;0,078265;1047099
Tanh;AND;977;0,111478;1051299
Tanh;AND;978;0,075366;1048300
Tanh;AND;979;0,085565;1086699
Tanh;AND;980;0,082784;1054301
Tanh;AND;981;0,074878;1192100
Tanh;AND;982;0,077766;1053901
Tanh;AND;983;0,151523;1061001
Tanh;AND;984;0,082351;1045900
Tanh;AND;985;0,139613;1043800
Tanh;AND;986;0,07646;1050801
Tanh;AND;987;0,122587;1043900
Tanh;AND;988;0,077122;1045300
Tanh;AND;989;0,156349;1054700
Tanh;AND;990;0,160331;1049801
Tanh;AND;991;0,076079;1045400
Tanh;AND;992;0,154193;1051199
Tanh;AND;993;0,13876;1058100
Tanh;AND;994;0,076612;1071000
Tanh;AND;995;0,075251;1072200
Tanh;AND;996;0,076689;1068500
Tanh;AND;997;0,157527;1069000
Tanh;AND;998;0,160202;1076700
Tanh;AND;999;0,130314;1080800
Tanh;AND;1000;0,134969;1193900
